<?xml version="1.0" encoding="UTF-8"?>
<students>
	
	<student>
		<id>1</id>
		<f_n>John</f_n>
		<lastName>Smith</lastName>
		<email>john@gmail.com</email>
	</student>
	<student>
		<id>2</id>
		<f_n>Sachin</f_n>
		<lastName>Dave</lastName>
		<email>sachin@gmail.com</email>
	</student>
	<student>
		<id>3</id>
		<f_n>Peter</f_n>
		<lastName>Mark</lastName>
		<email>peter@gmail.com</email>
	</student>
	<student>
		<id>4</id>
		<f_n>Martin</f_n>
		<lastName>Smith</lastName>
		<email>martin@gmail.com</email>
	</student>
	<student>
		<id>5</id>
		<f_n>Raj</f_n>
		<lastName>Patel</lastName>
		<email>raj@gmail.com</email>
	</student>
	<student>
		<id>6</id>
		<f_n>Virat</f_n>
		<lastName>Yadav</lastName>
		<email>virat@gmail.com</email>
	</student>
	<student>
		<id>7</id>
		<f_n>Prabhas</f_n>
		<lastName>Shirke</lastName>
		<email>prabhas@gmail.com</email>
	</student>
	<student>
		<id>8</id>
		<f_n>Tina</f_n>
		<lastName>Kapoor</lastName>
		<email>tina@gmail.com</email>
	</student>
	<student>
		<id>9</id>
		<f_n>Mona</f_n>
		<lastName>Sharma</lastName>
		<email>mona@gmail.com</email>
	</student>
	<student>
		<id>10</id>
		<f_n>Rahul</f_n>
		<lastName>Varma</lastName>
		<email>rahul@gmail.com</email>
	</student>

</students>